Blood_ID,Name,Address
118056,American Red Cross,100 S May Ave Athens OH 45701
134434,American Red Cross,100 S May Ave Athens OH 45701
163406,American Red Cross,100 S May Ave Athens OH 45701
238955,American Red Cross,100 S May Ave Athens OH 45701
303422,American Red Cross,100 S May Ave Athens OH 45701
383504,American Red Cross,100 S May Ave Athens OH 45701
389870,American Red Cross,100 S May Ave Athens OH 45701
418937,American Red Cross,100 S May Ave Athens OH 45701
423624,American Red Cross,100 S May Ave Athens OH 45701
438587,American Red Cross,100 S May Ave Athens OH 45701
443312,American Red Cross,100 S May Ave Athens OH 45701
475557,American Red Cross,100 S May Ave Athens OH 45701
517219,American Red Cross,100 S May Ave Athens OH 45701
523436,American Red Cross,100 S May Ave Athens OH 45701
608491,American Red Cross,100 S May Ave Athens OH 45701
614228,American Red Cross,100 S May Ave Athens OH 45701
620329,American Red Cross,100 S May Ave Athens OH 45701
631089,American Red Cross,100 S May Ave Athens OH 45701
637420,American Red Cross,100 S May Ave Athens OH 45701
639329,American Red Cross,100 S May Ave Athens OH 45701
677144,American Red Cross,100 S May Ave Athens OH 45701
777723,American Red Cross,100 S May Ave Athens OH 45701
780257,American Red Cross,100 S May Ave Athens OH 45701
867854,American Red Cross,100 S May Ave Athens OH 45701
885761,American Red Cross,100 S May Ave Athens OH 45701
893648,American Red Cross,100 S May Ave Athens OH 45701
105481,American Red Cross,102 N Thoman Street Crestline OH 44827
107046,American Red Cross,102 N Thoman Street Crestline OH 44827
112812,American Red Cross,102 N Thoman Street Crestline OH 44827
213419,American Red Cross,102 N Thoman Street Crestline OH 44827
215280,American Red Cross,102 N Thoman Street Crestline OH 44827
223559,American Red Cross,102 N Thoman Street Crestline OH 44827
270846,American Red Cross,102 N Thoman Street Crestline OH 44827
316823,American Red Cross,102 N Thoman Street Crestline OH 44827
336018,American Red Cross,102 N Thoman Street Crestline OH 44827
336858,American Red Cross,102 N Thoman Street Crestline OH 44827
349217,American Red Cross,102 N Thoman Street Crestline OH 44827
356486,American Red Cross,102 N Thoman Street Crestline OH 44827
364766,American Red Cross,102 N Thoman Street Crestline OH 44827
376016,American Red Cross,102 N Thoman Street Crestline OH 44827
487361,American Red Cross,102 N Thoman Street Crestline OH 44827
513191,American Red Cross,102 N Thoman Street Crestline OH 44827
533826,American Red Cross,102 N Thoman Street Crestline OH 44827
599294,American Red Cross,102 N Thoman Street Crestline OH 44827
610050,American Red Cross,102 N Thoman Street Crestline OH 44827
614587,American Red Cross,102 N Thoman Street Crestline OH 44827
656907,American Red Cross,102 N Thoman Street Crestline OH 44827
685095,American Red Cross,102 N Thoman Street Crestline OH 44827
707587,American Red Cross,102 N Thoman Street Crestline OH 44827
716873,American Red Cross,102 N Thoman Street Crestline OH 44827
726630,American Red Cross,102 N Thoman Street Crestline OH 44827
835524,American Red Cross,102 N Thoman Street Crestline OH 44827
840652,American Red Cross,102 N Thoman Street Crestline OH 44827
875346,American Red Cross,102 N Thoman Street Crestline OH 44827
877720,American Red Cross,102 N Thoman Street Crestline OH 44827
887816,American Red Cross,102 N Thoman Street Crestline OH 44827
111532,American Red Cross,109 E Perry Street Port Clinton OH 43452
147368,American Red Cross,109 E Perry Street Port Clinton OH 43452
213370,American Red Cross,109 E Perry Street Port Clinton OH 43452
246371,American Red Cross,109 E Perry Street Port Clinton OH 43452
246917,American Red Cross,109 E Perry Street Port Clinton OH 43452
269038,American Red Cross,109 E Perry Street Port Clinton OH 43452
284688,American Red Cross,109 E Perry Street Port Clinton OH 43452
356784,American Red Cross,109 E Perry Street Port Clinton OH 43452
392872,American Red Cross,109 E Perry Street Port Clinton OH 43452
471664,American Red Cross,109 E Perry Street Port Clinton OH 43452
581076,American Red Cross,109 E Perry Street Port Clinton OH 43452
612806,American Red Cross,109 E Perry Street Port Clinton OH 43452
613874,American Red Cross,109 E Perry Street Port Clinton OH 43452
635820,American Red Cross,109 E Perry Street Port Clinton OH 43452
659457,American Red Cross,109 E Perry Street Port Clinton OH 43452
674250,American Red Cross,109 E Perry Street Port Clinton OH 43452
695516,American Red Cross,109 E Perry Street Port Clinton OH 43452
700089,American Red Cross,109 E Perry Street Port Clinton OH 43452
705231,American Red Cross,109 E Perry Street Port Clinton OH 43452
749250,American Red Cross,109 E Perry Street Port Clinton OH 43452
767530,American Red Cross,109 E Perry Street Port Clinton OH 43452
770788,American Red Cross,109 E Perry Street Port Clinton OH 43452
791405,American Red Cross,109 E Perry Street Port Clinton OH 43452
917049,American Red Cross,109 E Perry Street Port Clinton OH 43452
273950,American Red Cross,1100 Wayne Street Suite 1400 Troy OH 45373
282324,American Red Cross,1100 Wayne Street Suite 1400 Troy OH 45373
301648,American Red Cross,1100 Wayne Street Suite 1400 Troy OH 45373
310232,American Red Cross,1100 Wayne Street Suite 1400 Troy OH 45373
313289,American Red Cross,1100 Wayne Street Suite 1400 Troy OH 45373
374217,American Red Cross,1100 Wayne Street Suite 1400 Troy OH 45373
398532,American Red Cross,1100 Wayne Street Suite 1400 Troy OH 45373
446448,American Red Cross,1100 Wayne Street Suite 1400 Troy OH 45373
576021,American Red Cross,1100 Wayne Street Suite 1400 Troy OH 45373
584070,American Red Cross,1100 Wayne Street Suite 1400 Troy OH 45373
588229,American Red Cross,1100 Wayne Street Suite 1400 Troy OH 45373
615880,American Red Cross,1100 Wayne Street Suite 1400 Troy OH 45373
653094,American Red Cross,1100 Wayne Street Suite 1400 Troy OH 45373
673938,American Red Cross,1100 Wayne Street Suite 1400 Troy OH 45373
720779,American Red Cross,1100 Wayne Street Suite 1400 Troy OH 45373
772190,American Red Cross,1100 Wayne Street Suite 1400 Troy OH 45373
858615,American Red Cross,1100 Wayne Street Suite 1400 Troy OH 45373
137926,American Red Cross,1111 Research Dr Toledo OH 43614
210946,American Red Cross,1111 Research Dr Toledo OH 43614
235736,American Red Cross,1111 Research Dr Toledo OH 43614
271627,American Red Cross,1111 Research Dr Toledo OH 43614
320249,American Red Cross,1111 Research Dr Toledo OH 43614
324540,American Red Cross,1111 Research Dr Toledo OH 43614
369910,American Red Cross,1111 Research Dr Toledo OH 43614
411634,American Red Cross,1111 Research Dr Toledo OH 43614
459729,American Red Cross,1111 Research Dr Toledo OH 43614
484607,American Red Cross,1111 Research Dr Toledo OH 43614
494845,American Red Cross,1111 Research Dr Toledo OH 43614
516023,American Red Cross,1111 Research Dr Toledo OH 43614
559953,American Red Cross,1111 Research Dr Toledo OH 43614
642511,American Red Cross,1111 Research Dr Toledo OH 43614
648755,American Red Cross,1111 Research Dr Toledo OH 43614
654571,American Red Cross,1111 Research Dr Toledo OH 43614
674094,American Red Cross,1111 Research Dr Toledo OH 43614
707842,American Red Cross,1111 Research Dr Toledo OH 43614
739365,American Red Cross,1111 Research Dr Toledo OH 43614
748513,American Red Cross,1111 Research Dr Toledo OH 43614
805767,American Red Cross,1111 Research Dr Toledo OH 43614
882289,American Red Cross,1111 Research Dr Toledo OH 43614
961073,American Red Cross,1111 Research Dr Toledo OH 43614
113050,American Red Cross,115 W Wheeling STE F Lancaster OH 43130
127741,American Red Cross,115 W Wheeling STE F Lancaster OH 43130
165499,American Red Cross,115 W Wheeling STE F Lancaster OH 43130
220377,American Red Cross,115 W Wheeling STE F Lancaster OH 43130
252195,American Red Cross,115 W Wheeling STE F Lancaster OH 43130
260264,American Red Cross,115 W Wheeling STE F Lancaster OH 43130
271239,American Red Cross,115 W Wheeling STE F Lancaster OH 43130
284223,American Red Cross,115 W Wheeling STE F Lancaster OH 43130
314866,American Red Cross,115 W Wheeling STE F Lancaster OH 43130
386697,American Red Cross,115 W Wheeling STE F Lancaster OH 43130
409840,American Red Cross,115 W Wheeling STE F Lancaster OH 43130
420098,American Red Cross,115 W Wheeling STE F Lancaster OH 43130
446078,American Red Cross,115 W Wheeling STE F Lancaster OH 43130
450496,American Red Cross,115 W Wheeling STE F Lancaster OH 43130
566418,American Red Cross,115 W Wheeling STE F Lancaster OH 43130
585668,American Red Cross,115 W Wheeling STE F Lancaster OH 43130
602859,American Red Cross,115 W Wheeling STE F Lancaster OH 43130
628797,American Red Cross,115 W Wheeling STE F Lancaster OH 43130
635814,American Red Cross,115 W Wheeling STE F Lancaster OH 43130
649512,American Red Cross,115 W Wheeling STE F Lancaster OH 43130
671241,American Red Cross,115 W Wheeling STE F Lancaster OH 43130
744273,American Red Cross,115 W Wheeling STE F Lancaster OH 43130
754362,American Red Cross,115 W Wheeling STE F Lancaster OH 43130
758696,American Red Cross,115 W Wheeling STE F Lancaster OH 43130
771391,American Red Cross,115 W Wheeling STE F Lancaster OH 43130
805084,American Red Cross,115 W Wheeling STE F Lancaster OH 43130
896004,American Red Cross,115 W Wheeling STE F Lancaster OH 43130
121402,Hoxworth Blood Center,11812 Springfield Pike Cincinnati OH 45246
123930,Hoxworth Blood Center,11812 Springfield Pike Cincinnati OH 45246
179214,Hoxworth Blood Center,11812 Springfield Pike Cincinnati OH 45246
211664,Hoxworth Blood Center,11812 Springfield Pike Cincinnati OH 45246
336660,Hoxworth Blood Center,11812 Springfield Pike Cincinnati OH 45246
365551,Hoxworth Blood Center,11812 Springfield Pike Cincinnati OH 45246
424545,Hoxworth Blood Center,11812 Springfield Pike Cincinnati OH 45246
533228,Hoxworth Blood Center,11812 Springfield Pike Cincinnati OH 45246
536082,Hoxworth Blood Center,11812 Springfield Pike Cincinnati OH 45246
561730,Hoxworth Blood Center,11812 Springfield Pike Cincinnati OH 45246
569235,Hoxworth Blood Center,11812 Springfield Pike Cincinnati OH 45246
623571,Hoxworth Blood Center,11812 Springfield Pike Cincinnati OH 45246
648008,Hoxworth Blood Center,11812 Springfield Pike Cincinnati OH 45246
649547,Hoxworth Blood Center,11812 Springfield Pike Cincinnati OH 45246
678794,Hoxworth Blood Center,11812 Springfield Pike Cincinnati OH 45246
759987,Hoxworth Blood Center,11812 Springfield Pike Cincinnati OH 45246
793640,Hoxworth Blood Center,11812 Springfield Pike Cincinnati OH 45246
795786,Hoxworth Blood Center,11812 Springfield Pike Cincinnati OH 45246
868422,Hoxworth Blood Center,11812 Springfield Pike Cincinnati OH 45246
964493,Hoxworth Blood Center,11812 Springfield Pike Cincinnati OH 45246
149907,American Red Cross,125 Fair Street Findlay OH 45840
160991,American Red Cross,125 Fair Street Findlay OH 45840
202011,American Red Cross,125 Fair Street Findlay OH 45840
277086,American Red Cross,125 Fair Street Findlay OH 45840
296413,American Red Cross,125 Fair Street Findlay OH 45840
330467,American Red Cross,125 Fair Street Findlay OH 45840
387031,American Red Cross,125 Fair Street Findlay OH 45840
434999,American Red Cross,125 Fair Street Findlay OH 45840
457877,American Red Cross,125 Fair Street Findlay OH 45840
473449,American Red Cross,125 Fair Street Findlay OH 45840
530239,American Red Cross,125 Fair Street Findlay OH 45840
532667,American Red Cross,125 Fair Street Findlay OH 45840
564081,American Red Cross,125 Fair Street Findlay OH 45840
574318,American Red Cross,125 Fair Street Findlay OH 45840
579633,American Red Cross,125 Fair Street Findlay OH 45840
633428,American Red Cross,125 Fair Street Findlay OH 45840
725204,American Red Cross,125 Fair Street Findlay OH 45840
754345,American Red Cross,125 Fair Street Findlay OH 45840
816901,American Red Cross,125 Fair Street Findlay OH 45840
837978,American Red Cross,125 Fair Street Findlay OH 45840
853111,American Red Cross,125 Fair Street Findlay OH 45840
144861,American Red Cross,130 Matrz Street Suite Suite 6 Greenville OH 45331
174826,American Red Cross,130 Matrz Street Suite Suite 6 Greenville OH 45331
190839,American Red Cross,130 Matrz Street Suite Suite 6 Greenville OH 45331
311328,American Red Cross,130 Matrz Street Suite Suite 6 Greenville OH 45331
317316,American Red Cross,130 Matrz Street Suite Suite 6 Greenville OH 45331
336808,American Red Cross,130 Matrz Street Suite Suite 6 Greenville OH 45331
339612,American Red Cross,130 Matrz Street Suite Suite 6 Greenville OH 45331
375949,American Red Cross,130 Matrz Street Suite Suite 6 Greenville OH 45331
432642,American Red Cross,130 Matrz Street Suite Suite 6 Greenville OH 45331
473356,American Red Cross,130 Matrz Street Suite Suite 6 Greenville OH 45331
485795,American Red Cross,130 Matrz Street Suite Suite 6 Greenville OH 45331
503037,American Red Cross,130 Matrz Street Suite Suite 6 Greenville OH 45331
514169,American Red Cross,130 Matrz Street Suite Suite 6 Greenville OH 45331
518590,American Red Cross,130 Matrz Street Suite Suite 6 Greenville OH 45331
524838,American Red Cross,130 Matrz Street Suite Suite 6 Greenville OH 45331
539491,American Red Cross,130 Matrz Street Suite Suite 6 Greenville OH 45331
577946,American Red Cross,130 Matrz Street Suite Suite 6 Greenville OH 45331
585686,American Red Cross,130 Matrz Street Suite Suite 6 Greenville OH 45331
715085,American Red Cross,130 Matrz Street Suite Suite 6 Greenville OH 45331
769725,American Red Cross,130 Matrz Street Suite Suite 6 Greenville OH 45331
778090,American Red Cross,130 Matrz Street Suite Suite 6 Greenville OH 45331
812141,American Red Cross,130 Matrz Street Suite Suite 6 Greenville OH 45331
824977,American Red Cross,130 Matrz Street Suite Suite 6 Greenville OH 45331
852210,American Red Cross,130 Matrz Street Suite Suite 6 Greenville OH 45331
887192,American Red Cross,130 Matrz Street Suite Suite 6 Greenville OH 45331
896359,American Red Cross,130 Matrz Street Suite Suite 6 Greenville OH 45331
906755,American Red Cross,130 Matrz Street Suite Suite 6 Greenville OH 45331
943102,American Red Cross,130 Matrz Street Suite Suite 6 Greenville OH 45331
134552,American Red Cross,143 S 30th Street Newark OH 43058
147918,American Red Cross,143 S 30th Street Newark OH 43058
172120,American Red Cross,143 S 30th Street Newark OH 43058
198266,American Red Cross,143 S 30th Street Newark OH 43058
203683,American Red Cross,143 S 30th Street Newark OH 43058
371846,American Red Cross,143 S 30th Street Newark OH 43058
474133,American Red Cross,143 S 30th Street Newark OH 43058
553949,American Red Cross,143 S 30th Street Newark OH 43058
611745,American Red Cross,143 S 30th Street Newark OH 43058
624637,American Red Cross,143 S 30th Street Newark OH 43058
645811,American Red Cross,143 S 30th Street Newark OH 43058
729285,American Red Cross,143 S 30th Street Newark OH 43058
749947,American Red Cross,143 S 30th Street Newark OH 43058
779640,American Red Cross,143 S 30th Street Newark OH 43058
801217,American Red Cross,143 S 30th Street Newark OH 43058
818702,American Red Cross,143 S 30th Street Newark OH 43058
825362,American Red Cross,143 S 30th Street Newark OH 43058
835383,American Red Cross,143 S 30th Street Newark OH 43058
859064,American Red Cross,143 S 30th Street Newark OH 43058
959746,American Red Cross,143 S 30th Street Newark OH 43058
199568,American Red Cross,1645 North Dixie Highway #1 Monroe MI 48162
204467,American Red Cross,1645 North Dixie Highway #1 Monroe MI 48162
248825,American Red Cross,1645 North Dixie Highway #1 Monroe MI 48162
264766,American Red Cross,1645 North Dixie Highway #1 Monroe MI 48162
428837,American Red Cross,1645 North Dixie Highway #1 Monroe MI 48162
454703,American Red Cross,1645 North Dixie Highway #1 Monroe MI 48162
530561,American Red Cross,1645 North Dixie Highway #1 Monroe MI 48162
623503,American Red Cross,1645 North Dixie Highway #1 Monroe MI 48162
644012,American Red Cross,1645 North Dixie Highway #1 Monroe MI 48162
667484,American Red Cross,1645 North Dixie Highway #1 Monroe MI 48162
694935,American Red Cross,1645 North Dixie Highway #1 Monroe MI 48162
695582,American Red Cross,1645 North Dixie Highway #1 Monroe MI 48162
707703,American Red Cross,1645 North Dixie Highway #1 Monroe MI 48162
712029,American Red Cross,1645 North Dixie Highway #1 Monroe MI 48162
753491,American Red Cross,1645 North Dixie Highway #1 Monroe MI 48162
890052,American Red Cross,1645 North Dixie Highway #1 Monroe MI 48162
893614,American Red Cross,1645 North Dixie Highway #1 Monroe MI 48162
932685,American Red Cross,1645 North Dixie Highway #1 Monroe MI 48162
957442,American Red Cross,1645 North Dixie Highway #1 Monroe MI 48162
101460,American Red Cross,181 N Bridge Street Chillicothe OH 45601
170060,American Red Cross,181 N Bridge Street Chillicothe OH 45601
192330,American Red Cross,181 N Bridge Street Chillicothe OH 45601
192802,American Red Cross,181 N Bridge Street Chillicothe OH 45601
199431,American Red Cross,181 N Bridge Street Chillicothe OH 45601
230610,American Red Cross,181 N Bridge Street Chillicothe OH 45601
242286,American Red Cross,181 N Bridge Street Chillicothe OH 45601
333134,American Red Cross,181 N Bridge Street Chillicothe OH 45601
389979,American Red Cross,181 N Bridge Street Chillicothe OH 45601
532482,American Red Cross,181 N Bridge Street Chillicothe OH 45601
550654,American Red Cross,181 N Bridge Street Chillicothe OH 45601
604571,American Red Cross,181 N Bridge Street Chillicothe OH 45601
608753,American Red Cross,181 N Bridge Street Chillicothe OH 45601
609305,American Red Cross,181 N Bridge Street Chillicothe OH 45601
629488,American Red Cross,181 N Bridge Street Chillicothe OH 45601
714854,American Red Cross,181 N Bridge Street Chillicothe OH 45601
114795,Vitalant,18100 Jefferson Park Rd Ste 102 Middleburg Heights OH 44130
116550,Vitalant,18100 Jefferson Park Rd Ste 102 Middleburg Heights OH 44130
116655,Vitalant,18100 Jefferson Park Rd Ste 102 Middleburg Heights OH 44130
229860,Vitalant,18100 Jefferson Park Rd Ste 102 Middleburg Heights OH 44130
270815,Vitalant,18100 Jefferson Park Rd Ste 102 Middleburg Heights OH 44130
343210,Vitalant,18100 Jefferson Park Rd Ste 102 Middleburg Heights OH 44130
353835,Vitalant,18100 Jefferson Park Rd Ste 102 Middleburg Heights OH 44130
495276,Vitalant,18100 Jefferson Park Rd Ste 102 Middleburg Heights OH 44130
507837,Vitalant,18100 Jefferson Park Rd Ste 102 Middleburg Heights OH 44130
532152,Vitalant,18100 Jefferson Park Rd Ste 102 Middleburg Heights OH 44130
569300,Vitalant,18100 Jefferson Park Rd Ste 102 Middleburg Heights OH 44130
586833,Vitalant,18100 Jefferson Park Rd Ste 102 Middleburg Heights OH 44130
701387,Vitalant,18100 Jefferson Park Rd Ste 102 Middleburg Heights OH 44130
799721,Vitalant,18100 Jefferson Park Rd Ste 102 Middleburg Heights OH 44130
850441,Vitalant,18100 Jefferson Park Rd Ste 102 Middleburg Heights OH 44130
895811,Vitalant,18100 Jefferson Park Rd Ste 102 Middleburg Heights OH 44130
919015,Vitalant,18100 Jefferson Park Rd Ste 102 Middleburg Heights OH 44130
957295,Vitalant,18100 Jefferson Park Rd Ste 102 Middleburg Heights OH 44130
108394,American Red Cross,1849 Summerset Drive Marion OH 43302
205929,American Red Cross,1849 Summerset Drive Marion OH 43302
231969,American Red Cross,1849 Summerset Drive Marion OH 43302
252529,American Red Cross,1849 Summerset Drive Marion OH 43302
260988,American Red Cross,1849 Summerset Drive Marion OH 43302
451899,American Red Cross,1849 Summerset Drive Marion OH 43302
508157,American Red Cross,1849 Summerset Drive Marion OH 43302
557210,American Red Cross,1849 Summerset Drive Marion OH 43302
561022,American Red Cross,1849 Summerset Drive Marion OH 43302
564383,American Red Cross,1849 Summerset Drive Marion OH 43302
564820,American Red Cross,1849 Summerset Drive Marion OH 43302
571453,American Red Cross,1849 Summerset Drive Marion OH 43302
593975,American Red Cross,1849 Summerset Drive Marion OH 43302
679620,American Red Cross,1849 Summerset Drive Marion OH 43302
737532,American Red Cross,1849 Summerset Drive Marion OH 43302
744329,American Red Cross,1849 Summerset Drive Marion OH 43302
749825,American Red Cross,1849 Summerset Drive Marion OH 43302
786349,American Red Cross,1849 Summerset Drive Marion OH 43302
791935,American Red Cross,1849 Summerset Drive Marion OH 43302
833375,American Red Cross,1849 Summerset Drive Marion OH 43302
856213,American Red Cross,1849 Summerset Drive Marion OH 43302
895280,American Red Cross,1849 Summerset Drive Marion OH 43302
945998,American Red Cross,1849 Summerset Drive Marion OH 43302
105139,American Red Cross,2 Smith Drive Mansfield OH 44902
105896,American Red Cross,2 Smith Drive Mansfield OH 44902
148403,American Red Cross,2 Smith Drive Mansfield OH 44902
153652,American Red Cross,2 Smith Drive Mansfield OH 44902
281649,American Red Cross,2 Smith Drive Mansfield OH 44902
332583,American Red Cross,2 Smith Drive Mansfield OH 44902
460092,American Red Cross,2 Smith Drive Mansfield OH 44902
475520,American Red Cross,2 Smith Drive Mansfield OH 44902
476522,American Red Cross,2 Smith Drive Mansfield OH 44902
497826,American Red Cross,2 Smith Drive Mansfield OH 44902
530236,American Red Cross,2 Smith Drive Mansfield OH 44902
573548,American Red Cross,2 Smith Drive Mansfield OH 44902
593046,American Red Cross,2 Smith Drive Mansfield OH 44902
600871,American Red Cross,2 Smith Drive Mansfield OH 44902
756297,American Red Cross,2 Smith Drive Mansfield OH 44902
779886,American Red Cross,2 Smith Drive Mansfield OH 44902
784815,American Red Cross,2 Smith Drive Mansfield OH 44902
814151,American Red Cross,2 Smith Drive Mansfield OH 44902
850341,American Red Cross,2 Smith Drive Mansfield OH 44902
854317,American Red Cross,2 Smith Drive Mansfield OH 44902
901557,American Red Cross,2 Smith Drive Mansfield OH 44902
120529,American Red Cross,2111 Dana Ave Cincinnati OH 45207
150957,American Red Cross,2111 Dana Ave Cincinnati OH 45207
232109,American Red Cross,2111 Dana Ave Cincinnati OH 45207
418048,American Red Cross,2111 Dana Ave Cincinnati OH 45207
473792,American Red Cross,2111 Dana Ave Cincinnati OH 45207
503933,American Red Cross,2111 Dana Ave Cincinnati OH 45207
590104,American Red Cross,2111 Dana Ave Cincinnati OH 45207
643849,American Red Cross,2111 Dana Ave Cincinnati OH 45207
654566,American Red Cross,2111 Dana Ave Cincinnati OH 45207
688752,American Red Cross,2111 Dana Ave Cincinnati OH 45207
692278,American Red Cross,2111 Dana Ave Cincinnati OH 45207
704198,American Red Cross,2111 Dana Ave Cincinnati OH 45207
744737,American Red Cross,2111 Dana Ave Cincinnati OH 45207
814916,American Red Cross,2111 Dana Ave Cincinnati OH 45207
878045,American Red Cross,2111 Dana Ave Cincinnati OH 45207
888620,American Red Cross,2111 Dana Ave Cincinnati OH 45207
944507,American Red Cross,2111 Dana Ave Cincinnati OH 45207
964194,American Red Cross,2111 Dana Ave Cincinnati OH 45207
139843,American Red Cross,25 N Canfield Niles Rd Suite 140 Austintown OH 44515
183314,American Red Cross,25 N Canfield Niles Rd Suite 140 Austintown OH 44515
221689,American Red Cross,25 N Canfield Niles Rd Suite 140 Austintown OH 44515
250591,American Red Cross,25 N Canfield Niles Rd Suite 140 Austintown OH 44515
251622,American Red Cross,25 N Canfield Niles Rd Suite 140 Austintown OH 44515
325417,American Red Cross,25 N Canfield Niles Rd Suite 140 Austintown OH 44515
326011,American Red Cross,25 N Canfield Niles Rd Suite 140 Austintown OH 44515
383912,American Red Cross,25 N Canfield Niles Rd Suite 140 Austintown OH 44515
427519,American Red Cross,25 N Canfield Niles Rd Suite 140 Austintown OH 44515
437874,American Red Cross,25 N Canfield Niles Rd Suite 140 Austintown OH 44515
448887,American Red Cross,25 N Canfield Niles Rd Suite 140 Austintown OH 44515
449671,American Red Cross,25 N Canfield Niles Rd Suite 140 Austintown OH 44515
477347,American Red Cross,25 N Canfield Niles Rd Suite 140 Austintown OH 44515
481633,American Red Cross,25 N Canfield Niles Rd Suite 140 Austintown OH 44515
534506,American Red Cross,25 N Canfield Niles Rd Suite 140 Austintown OH 44515
570136,American Red Cross,25 N Canfield Niles Rd Suite 140 Austintown OH 44515
634056,American Red Cross,25 N Canfield Niles Rd Suite 140 Austintown OH 44515
641009,American Red Cross,25 N Canfield Niles Rd Suite 140 Austintown OH 44515
671848,American Red Cross,25 N Canfield Niles Rd Suite 140 Austintown OH 44515
709636,American Red Cross,25 N Canfield Niles Rd Suite 140 Austintown OH 44515
713749,American Red Cross,25 N Canfield Niles Rd Suite 140 Austintown OH 44515
730022,American Red Cross,25 N Canfield Niles Rd Suite 140 Austintown OH 44515
741840,American Red Cross,25 N Canfield Niles Rd Suite 140 Austintown OH 44515
754098,American Red Cross,25 N Canfield Niles Rd Suite 140 Austintown OH 44515
777697,American Red Cross,25 N Canfield Niles Rd Suite 140 Austintown OH 44515
782509,American Red Cross,25 N Canfield Niles Rd Suite 140 Austintown OH 44515
810085,American Red Cross,25 N Canfield Niles Rd Suite 140 Austintown OH 44515
811797,American Red Cross,25 N Canfield Niles Rd Suite 140 Austintown OH 44515
829281,American Red Cross,25 N Canfield Niles Rd Suite 140 Austintown OH 44515
860339,American Red Cross,25 N Canfield Niles Rd Suite 140 Austintown OH 44515
876095,American Red Cross,25 N Canfield Niles Rd Suite 140 Austintown OH 44515
904273,American Red Cross,25 N Canfield Niles Rd Suite 140 Austintown OH 44515
170243,Cleveland Cord Blood Center,25001 Emery Road Suite 150 Cleveland Ohio 44128
189547,Cleveland Cord Blood Center,25001 Emery Road Suite 150 Cleveland Ohio 44128
215361,Cleveland Cord Blood Center,25001 Emery Road Suite 150 Cleveland Ohio 44128
321203,Cleveland Cord Blood Center,25001 Emery Road Suite 150 Cleveland Ohio 44128
339953,Cleveland Cord Blood Center,25001 Emery Road Suite 150 Cleveland Ohio 44128
356221,Cleveland Cord Blood Center,25001 Emery Road Suite 150 Cleveland Ohio 44128
499015,Cleveland Cord Blood Center,25001 Emery Road Suite 150 Cleveland Ohio 44128
506504,Cleveland Cord Blood Center,25001 Emery Road Suite 150 Cleveland Ohio 44128
618925,Cleveland Cord Blood Center,25001 Emery Road Suite 150 Cleveland Ohio 44128
645313,Cleveland Cord Blood Center,25001 Emery Road Suite 150 Cleveland Ohio 44128
720287,Cleveland Cord Blood Center,25001 Emery Road Suite 150 Cleveland Ohio 44128
724433,Cleveland Cord Blood Center,25001 Emery Road Suite 150 Cleveland Ohio 44128
733141,Cleveland Cord Blood Center,25001 Emery Road Suite 150 Cleveland Ohio 44128
740983,Cleveland Cord Blood Center,25001 Emery Road Suite 150 Cleveland Ohio 44128
769199,Cleveland Cord Blood Center,25001 Emery Road Suite 150 Cleveland Ohio 44128
803413,Cleveland Cord Blood Center,25001 Emery Road Suite 150 Cleveland Ohio 44128
857161,Cleveland Cord Blood Center,25001 Emery Road Suite 150 Cleveland Ohio 44128
909290,Cleveland Cord Blood Center,25001 Emery Road Suite 150 Cleveland Ohio 44128
931981,Cleveland Cord Blood Center,25001 Emery Road Suite 150 Cleveland Ohio 44128
146726,American Red Cross,2929 West River Road N Elyria OH 44035
160063,American Red Cross,2929 West River Road N Elyria OH 44035
167830,American Red Cross,2929 West River Road N Elyria OH 44035
202143,American Red Cross,2929 West River Road N Elyria OH 44035
237421,American Red Cross,2929 West River Road N Elyria OH 44035
312108,American Red Cross,2929 West River Road N Elyria OH 44035
374972,American Red Cross,2929 West River Road N Elyria OH 44035
416588,American Red Cross,2929 West River Road N Elyria OH 44035
425050,American Red Cross,2929 West River Road N Elyria OH 44035
492448,American Red Cross,2929 West River Road N Elyria OH 44035
495898,American Red Cross,2929 West River Road N Elyria OH 44035
538722,American Red Cross,2929 West River Road N Elyria OH 44035
546746,American Red Cross,2929 West River Road N Elyria OH 44035
611414,American Red Cross,2929 West River Road N Elyria OH 44035
613759,American Red Cross,2929 West River Road N Elyria OH 44035
630065,American Red Cross,2929 West River Road N Elyria OH 44035
653393,American Red Cross,2929 West River Road N Elyria OH 44035
679117,American Red Cross,2929 West River Road N Elyria OH 44035
709488,American Red Cross,2929 West River Road N Elyria OH 44035
741303,American Red Cross,2929 West River Road N Elyria OH 44035
804542,American Red Cross,2929 West River Road N Elyria OH 44035
837637,American Red Cross,2929 West River Road N Elyria OH 44035
860788,American Red Cross,2929 West River Road N Elyria OH 44035
863117,American Red Cross,2929 West River Road N Elyria OH 44035
889475,American Red Cross,2929 West River Road N Elyria OH 44035
896140,American Red Cross,2929 West River Road N Elyria OH 44035
912851,American Red Cross,2929 West River Road N Elyria OH 44035
927550,American Red Cross,2929 West River Road N Elyria OH 44035
935679,American Red Cross,2929 West River Road N Elyria OH 44035
955404,American Red Cross,2929 West River Road N Elyria OH 44035
106876,American Red Cross,336 E Main Street Ottawa OH 45875
133607,American Red Cross,336 E Main Street Ottawa OH 45875
176780,American Red Cross,336 E Main Street Ottawa OH 45875
185357,American Red Cross,336 E Main Street Ottawa OH 45875
314898,American Red Cross,336 E Main Street Ottawa OH 45875
324836,American Red Cross,336 E Main Street Ottawa OH 45875
332888,American Red Cross,336 E Main Street Ottawa OH 45875
334387,American Red Cross,336 E Main Street Ottawa OH 45875
351196,American Red Cross,336 E Main Street Ottawa OH 45875
367060,American Red Cross,336 E Main Street Ottawa OH 45875
394476,American Red Cross,336 E Main Street Ottawa OH 45875
402863,American Red Cross,336 E Main Street Ottawa OH 45875
419123,American Red Cross,336 E Main Street Ottawa OH 45875
430382,American Red Cross,336 E Main Street Ottawa OH 45875
438917,American Red Cross,336 E Main Street Ottawa OH 45875
457526,American Red Cross,336 E Main Street Ottawa OH 45875
516950,American Red Cross,336 E Main Street Ottawa OH 45875
522833,American Red Cross,336 E Main Street Ottawa OH 45875
607123,American Red Cross,336 E Main Street Ottawa OH 45875
728136,American Red Cross,336 E Main Street Ottawa OH 45875
790182,American Red Cross,336 E Main Street Ottawa OH 45875
796759,American Red Cross,336 E Main Street Ottawa OH 45875
822136,American Red Cross,336 E Main Street Ottawa OH 45875
828333,American Red Cross,336 E Main Street Ottawa OH 45875
868427,American Red Cross,336 E Main Street Ottawa OH 45875
154855,Community Blood Center,349 S Main Street Dayton OH 45402
162214,Community Blood Center,349 S Main Street Dayton OH 45402
204774,Community Blood Center,349 S Main Street Dayton OH 45402
271386,Community Blood Center,349 S Main Street Dayton OH 45402
273006,Community Blood Center,349 S Main Street Dayton OH 45402
279976,Community Blood Center,349 S Main Street Dayton OH 45402
280328,Community Blood Center,349 S Main Street Dayton OH 45402
331398,Community Blood Center,349 S Main Street Dayton OH 45402
364728,Community Blood Center,349 S Main Street Dayton OH 45402
543513,Community Blood Center,349 S Main Street Dayton OH 45402
598726,Community Blood Center,349 S Main Street Dayton OH 45402
634232,Community Blood Center,349 S Main Street Dayton OH 45402
635108,Community Blood Center,349 S Main Street Dayton OH 45402
757068,Community Blood Center,349 S Main Street Dayton OH 45402
785963,Community Blood Center,349 S Main Street Dayton OH 45402
839924,Community Blood Center,349 S Main Street Dayton OH 45402
939526,Community Blood Center,349 S Main Street Dayton OH 45402
943319,Community Blood Center,349 S Main Street Dayton OH 45402
959105,Community Blood Center,349 S Main Street Dayton OH 45402
185308,American Red Cross,37 W Center Street Mt Gilead OH 43338
332903,American Red Cross,37 W Center Street Mt Gilead OH 43338
350185,American Red Cross,37 W Center Street Mt Gilead OH 43338
354922,American Red Cross,37 W Center Street Mt Gilead OH 43338
500785,American Red Cross,37 W Center Street Mt Gilead OH 43338
549998,American Red Cross,37 W Center Street Mt Gilead OH 43338
639074,American Red Cross,37 W Center Street Mt Gilead OH 43338
738064,American Red Cross,37 W Center Street Mt Gilead OH 43338
754053,American Red Cross,37 W Center Street Mt Gilead OH 43338
774781,American Red Cross,37 W Center Street Mt Gilead OH 43338
798565,American Red Cross,37 W Center Street Mt Gilead OH 43338
822320,American Red Cross,37 W Center Street Mt Gilead OH 43338
911463,American Red Cross,37 W Center Street Mt Gilead OH 43338
139858,American Red Cross,370 West 1st Street Dayton OH 45402
238088,American Red Cross,370 West 1st Street Dayton OH 45402
263910,American Red Cross,370 West 1st Street Dayton OH 45402
288553,American Red Cross,370 West 1st Street Dayton OH 45402
300712,American Red Cross,370 West 1st Street Dayton OH 45402
324745,American Red Cross,370 West 1st Street Dayton OH 45402
354898,American Red Cross,370 West 1st Street Dayton OH 45402
419942,American Red Cross,370 West 1st Street Dayton OH 45402
446720,American Red Cross,370 West 1st Street Dayton OH 45402
486775,American Red Cross,370 West 1st Street Dayton OH 45402
539524,American Red Cross,370 West 1st Street Dayton OH 45402
549843,American Red Cross,370 West 1st Street Dayton OH 45402
558078,American Red Cross,370 West 1st Street Dayton OH 45402
575686,American Red Cross,370 West 1st Street Dayton OH 45402
614082,American Red Cross,370 West 1st Street Dayton OH 45402
620355,American Red Cross,370 West 1st Street Dayton OH 45402
665795,American Red Cross,370 West 1st Street Dayton OH 45402
692816,American Red Cross,370 West 1st Street Dayton OH 45402
703689,American Red Cross,370 West 1st Street Dayton OH 45402
890970,American Red Cross,370 West 1st Street Dayton OH 45402
929320,American Red Cross,370 West 1st Street Dayton OH 45402
940993,American Red Cross,370 West 1st Street Dayton OH 45402
946505,American Red Cross,370 West 1st Street Dayton OH 45402
957298,American Red Cross,370 West 1st Street Dayton OH 45402
259903,American Red Cross,3747 Euclid Ave Cleveland OH 44115
314724,American Red Cross,3747 Euclid Ave Cleveland OH 44115
316347,American Red Cross,3747 Euclid Ave Cleveland OH 44115
437706,American Red Cross,3747 Euclid Ave Cleveland OH 44115
444288,American Red Cross,3747 Euclid Ave Cleveland OH 44115
465814,American Red Cross,3747 Euclid Ave Cleveland OH 44115
494885,American Red Cross,3747 Euclid Ave Cleveland OH 44115
498781,American Red Cross,3747 Euclid Ave Cleveland OH 44115
501269,American Red Cross,3747 Euclid Ave Cleveland OH 44115
525575,American Red Cross,3747 Euclid Ave Cleveland OH 44115
529036,American Red Cross,3747 Euclid Ave Cleveland OH 44115
555719,American Red Cross,3747 Euclid Ave Cleveland OH 44115
579924,American Red Cross,3747 Euclid Ave Cleveland OH 44115
626604,American Red Cross,3747 Euclid Ave Cleveland OH 44115
712623,American Red Cross,3747 Euclid Ave Cleveland OH 44115
751504,American Red Cross,3747 Euclid Ave Cleveland OH 44115
758384,American Red Cross,3747 Euclid Ave Cleveland OH 44115
760804,American Red Cross,3747 Euclid Ave Cleveland OH 44115
802022,American Red Cross,3747 Euclid Ave Cleveland OH 44115
804920,American Red Cross,3747 Euclid Ave Cleveland OH 44115
829984,American Red Cross,3747 Euclid Ave Cleveland OH 44115
933265,American Red Cross,3747 Euclid Ave Cleveland OH 44115
113326,American Red Cross,404 Columbus Avenue Sandusky OH 44870
127105,American Red Cross,404 Columbus Avenue Sandusky OH 44870
194286,American Red Cross,404 Columbus Avenue Sandusky OH 44870
199356,American Red Cross,404 Columbus Avenue Sandusky OH 44870
237354,American Red Cross,404 Columbus Avenue Sandusky OH 44870
246680,American Red Cross,404 Columbus Avenue Sandusky OH 44870
246816,American Red Cross,404 Columbus Avenue Sandusky OH 44870
263693,American Red Cross,404 Columbus Avenue Sandusky OH 44870
293608,American Red Cross,404 Columbus Avenue Sandusky OH 44870
302489,American Red Cross,404 Columbus Avenue Sandusky OH 44870
314583,American Red Cross,404 Columbus Avenue Sandusky OH 44870
315688,American Red Cross,404 Columbus Avenue Sandusky OH 44870
340891,American Red Cross,404 Columbus Avenue Sandusky OH 44870
412345,American Red Cross,404 Columbus Avenue Sandusky OH 44870
417892,American Red Cross,404 Columbus Avenue Sandusky OH 44870
422505,American Red Cross,404 Columbus Avenue Sandusky OH 44870
447229,American Red Cross,404 Columbus Avenue Sandusky OH 44870
452535,American Red Cross,404 Columbus Avenue Sandusky OH 44870
544331,American Red Cross,404 Columbus Avenue Sandusky OH 44870
605908,American Red Cross,404 Columbus Avenue Sandusky OH 44870
610185,American Red Cross,404 Columbus Avenue Sandusky OH 44870
737931,American Red Cross,404 Columbus Avenue Sandusky OH 44870
777173,American Red Cross,404 Columbus Avenue Sandusky OH 44870
821467,American Red Cross,404 Columbus Avenue Sandusky OH 44870
963960,American Red Cross,404 Columbus Avenue Sandusky OH 44870
171560,American Red Cross,408 9th Street SW Canton OH 44707
186308,American Red Cross,408 9th Street SW Canton OH 44707
285639,American Red Cross,408 9th Street SW Canton OH 44707
312000,American Red Cross,408 9th Street SW Canton OH 44707
370861,American Red Cross,408 9th Street SW Canton OH 44707
377546,American Red Cross,408 9th Street SW Canton OH 44707
423165,American Red Cross,408 9th Street SW Canton OH 44707
437822,American Red Cross,408 9th Street SW Canton OH 44707
542607,American Red Cross,408 9th Street SW Canton OH 44707
550195,American Red Cross,408 9th Street SW Canton OH 44707
640670,American Red Cross,408 9th Street SW Canton OH 44707
699544,American Red Cross,408 9th Street SW Canton OH 44707
783217,American Red Cross,408 9th Street SW Canton OH 44707
794868,American Red Cross,408 9th Street SW Canton OH 44707
821731,American Red Cross,408 9th Street SW Canton OH 44707
843845,American Red Cross,408 9th Street SW Canton OH 44707
864073,American Red Cross,408 9th Street SW Canton OH 44707
920505,American Red Cross,408 9th Street SW Canton OH 44707
935952,American Red Cross,408 9th Street SW Canton OH 44707
111202,Vitalant,4119 Tuscarawas St W Canton OH 44708
124910,Vitalant,4119 Tuscarawas St W Canton OH 44708
136203,Vitalant,4119 Tuscarawas St W Canton OH 44708
194036,Vitalant,4119 Tuscarawas St W Canton OH 44708
196969,Vitalant,4119 Tuscarawas St W Canton OH 44708
239592,Vitalant,4119 Tuscarawas St W Canton OH 44708
295177,Vitalant,4119 Tuscarawas St W Canton OH 44708
363326,Vitalant,4119 Tuscarawas St W Canton OH 44708
483352,Vitalant,4119 Tuscarawas St W Canton OH 44708
540915,Vitalant,4119 Tuscarawas St W Canton OH 44708
585480,Vitalant,4119 Tuscarawas St W Canton OH 44708
585972,Vitalant,4119 Tuscarawas St W Canton OH 44708
604170,Vitalant,4119 Tuscarawas St W Canton OH 44708
611134,Vitalant,4119 Tuscarawas St W Canton OH 44708
690324,Vitalant,4119 Tuscarawas St W Canton OH 44708
719873,Vitalant,4119 Tuscarawas St W Canton OH 44708
728829,Vitalant,4119 Tuscarawas St W Canton OH 44708
731195,Vitalant,4119 Tuscarawas St W Canton OH 44708
795267,Vitalant,4119 Tuscarawas St W Canton OH 44708
856433,Vitalant,4119 Tuscarawas St W Canton OH 44708
938985,Vitalant,4119 Tuscarawas St W Canton OH 44708
958972,Vitalant,4119 Tuscarawas St W Canton OH 44708
961935,Vitalant,4119 Tuscarawas St W Canton OH 44708
137895,American Red Cross,416 Main Street Coshocton OH 43812
151204,American Red Cross,416 Main Street Coshocton OH 43812
166244,American Red Cross,416 Main Street Coshocton OH 43812
226304,American Red Cross,416 Main Street Coshocton OH 43812
279226,American Red Cross,416 Main Street Coshocton OH 43812
346984,American Red Cross,416 Main Street Coshocton OH 43812
547288,American Red Cross,416 Main Street Coshocton OH 43812
559943,American Red Cross,416 Main Street Coshocton OH 43812
562637,American Red Cross,416 Main Street Coshocton OH 43812
569255,American Red Cross,416 Main Street Coshocton OH 43812
626039,American Red Cross,416 Main Street Coshocton OH 43812
639677,American Red Cross,416 Main Street Coshocton OH 43812
649150,American Red Cross,416 Main Street Coshocton OH 43812
669105,American Red Cross,416 Main Street Coshocton OH 43812
671489,American Red Cross,416 Main Street Coshocton OH 43812
676075,American Red Cross,416 Main Street Coshocton OH 43812
686520,American Red Cross,416 Main Street Coshocton OH 43812
716360,American Red Cross,416 Main Street Coshocton OH 43812
744602,American Red Cross,416 Main Street Coshocton OH 43812
745684,American Red Cross,416 Main Street Coshocton OH 43812
753445,American Red Cross,416 Main Street Coshocton OH 43812
766384,American Red Cross,416 Main Street Coshocton OH 43812
771601,American Red Cross,416 Main Street Coshocton OH 43812
819291,American Red Cross,416 Main Street Coshocton OH 43812
830962,American Red Cross,416 Main Street Coshocton OH 43812
913762,American Red Cross,416 Main Street Coshocton OH 43812
917201,American Red Cross,416 Main Street Coshocton OH 43812
228094,American Red Cross,5 Masonic Drive Bancroft Manor Suite 312 Springfield OH 45504
267837,American Red Cross,5 Masonic Drive Bancroft Manor Suite 312 Springfield OH 45504
268970,American Red Cross,5 Masonic Drive Bancroft Manor Suite 312 Springfield OH 45504
282258,American Red Cross,5 Masonic Drive Bancroft Manor Suite 312 Springfield OH 45504
333329,American Red Cross,5 Masonic Drive Bancroft Manor Suite 312 Springfield OH 45504
403255,American Red Cross,5 Masonic Drive Bancroft Manor Suite 312 Springfield OH 45504
587698,American Red Cross,5 Masonic Drive Bancroft Manor Suite 312 Springfield OH 45504
606477,American Red Cross,5 Masonic Drive Bancroft Manor Suite 312 Springfield OH 45504
662934,American Red Cross,5 Masonic Drive Bancroft Manor Suite 312 Springfield OH 45504
665271,American Red Cross,5 Masonic Drive Bancroft Manor Suite 312 Springfield OH 45504
689582,American Red Cross,5 Masonic Drive Bancroft Manor Suite 312 Springfield OH 45504
719487,American Red Cross,5 Masonic Drive Bancroft Manor Suite 312 Springfield OH 45504
766740,American Red Cross,5 Masonic Drive Bancroft Manor Suite 312 Springfield OH 45504
811994,American Red Cross,5 Masonic Drive Bancroft Manor Suite 312 Springfield OH 45504
820740,American Red Cross,5 Masonic Drive Bancroft Manor Suite 312 Springfield OH 45504
126935,American Red Cross,501 West Market St Akron OH 44303
130986,American Red Cross,501 West Market St Akron OH 44303
156728,American Red Cross,501 West Market St Akron OH 44303
171987,American Red Cross,501 West Market St Akron OH 44303
229297,American Red Cross,501 West Market St Akron OH 44303
268684,American Red Cross,501 West Market St Akron OH 44303
369189,American Red Cross,501 West Market St Akron OH 44303
438780,American Red Cross,501 West Market St Akron OH 44303
459726,American Red Cross,501 West Market St Akron OH 44303
527233,American Red Cross,501 West Market St Akron OH 44303
571141,American Red Cross,501 West Market St Akron OH 44303
639491,American Red Cross,501 West Market St Akron OH 44303
661734,American Red Cross,501 West Market St Akron OH 44303
665213,American Red Cross,501 West Market St Akron OH 44303
720529,American Red Cross,501 West Market St Akron OH 44303
721085,American Red Cross,501 West Market St Akron OH 44303
725462,American Red Cross,501 West Market St Akron OH 44303
752254,American Red Cross,501 West Market St Akron OH 44303
774773,American Red Cross,501 West Market St Akron OH 44303
794926,American Red Cross,501 West Market St Akron OH 44303
875341,American Red Cross,501 West Market St Akron OH 44303
942007,American Red Cross,501 West Market St Akron OH 44303
211312,Vitalant,710 Leona St Ste B Elyria OH 44035
244545,Vitalant,710 Leona St Ste B Elyria OH 44035
254396,Vitalant,710 Leona St Ste B Elyria OH 44035
264720,Vitalant,710 Leona St Ste B Elyria OH 44035
314152,Vitalant,710 Leona St Ste B Elyria OH 44035
370780,Vitalant,710 Leona St Ste B Elyria OH 44035
423331,Vitalant,710 Leona St Ste B Elyria OH 44035
426933,Vitalant,710 Leona St Ste B Elyria OH 44035
455586,Vitalant,710 Leona St Ste B Elyria OH 44035
464304,Vitalant,710 Leona St Ste B Elyria OH 44035
513054,Vitalant,710 Leona St Ste B Elyria OH 44035
535489,Vitalant,710 Leona St Ste B Elyria OH 44035
580702,Vitalant,710 Leona St Ste B Elyria OH 44035
590353,Vitalant,710 Leona St Ste B Elyria OH 44035
596984,Vitalant,710 Leona St Ste B Elyria OH 44035
841071,Vitalant,710 Leona St Ste B Elyria OH 44035
881720,Vitalant,710 Leona St Ste B Elyria OH 44035
919395,Vitalant,710 Leona St Ste B Elyria OH 44035
924223,Vitalant,710 Leona St Ste B Elyria OH 44035
931930,Vitalant,710 Leona St Ste B Elyria OH 44035
937388,Vitalant,710 Leona St Ste B Elyria OH 44035
947981,Vitalant,710 Leona St Ste B Elyria OH 44035
962488,Vitalant,710 Leona St Ste B Elyria OH 44035
108574,American Red Cross,734 Fair Ave NW New Philadelphia OH 44663
135800,American Red Cross,734 Fair Ave NW New Philadelphia OH 44663
151080,American Red Cross,734 Fair Ave NW New Philadelphia OH 44663
195988,American Red Cross,734 Fair Ave NW New Philadelphia OH 44663
219463,American Red Cross,734 Fair Ave NW New Philadelphia OH 44663
313032,American Red Cross,734 Fair Ave NW New Philadelphia OH 44663
420207,American Red Cross,734 Fair Ave NW New Philadelphia OH 44663
421171,American Red Cross,734 Fair Ave NW New Philadelphia OH 44663
443382,American Red Cross,734 Fair Ave NW New Philadelphia OH 44663
533687,American Red Cross,734 Fair Ave NW New Philadelphia OH 44663
557123,American Red Cross,734 Fair Ave NW New Philadelphia OH 44663
582454,American Red Cross,734 Fair Ave NW New Philadelphia OH 44663
583298,American Red Cross,734 Fair Ave NW New Philadelphia OH 44663
587140,American Red Cross,734 Fair Ave NW New Philadelphia OH 44663
654658,American Red Cross,734 Fair Ave NW New Philadelphia OH 44663
669536,American Red Cross,734 Fair Ave NW New Philadelphia OH 44663
679561,American Red Cross,734 Fair Ave NW New Philadelphia OH 44663
698412,American Red Cross,734 Fair Ave NW New Philadelphia OH 44663
751048,American Red Cross,734 Fair Ave NW New Philadelphia OH 44663
797265,American Red Cross,734 Fair Ave NW New Philadelphia OH 44663
799858,American Red Cross,734 Fair Ave NW New Philadelphia OH 44663
847330,American Red Cross,734 Fair Ave NW New Philadelphia OH 44663
126143,American Red Cross,7650 East Pike Street Norwich OH 43767
137338,American Red Cross,7650 East Pike Street Norwich OH 43767
157164,American Red Cross,7650 East Pike Street Norwich OH 43767
168205,American Red Cross,7650 East Pike Street Norwich OH 43767
230082,American Red Cross,7650 East Pike Street Norwich OH 43767
278720,American Red Cross,7650 East Pike Street Norwich OH 43767
347868,American Red Cross,7650 East Pike Street Norwich OH 43767
357371,American Red Cross,7650 East Pike Street Norwich OH 43767
375089,American Red Cross,7650 East Pike Street Norwich OH 43767
379120,American Red Cross,7650 East Pike Street Norwich OH 43767
428228,American Red Cross,7650 East Pike Street Norwich OH 43767
430382,American Red Cross,7650 East Pike Street Norwich OH 43767
617034,American Red Cross,7650 East Pike Street Norwich OH 43767
646254,American Red Cross,7650 East Pike Street Norwich OH 43767
651226,American Red Cross,7650 East Pike Street Norwich OH 43767
702324,American Red Cross,7650 East Pike Street Norwich OH 43767
839780,American Red Cross,7650 East Pike Street Norwich OH 43767
896817,American Red Cross,7650 East Pike Street Norwich OH 43767
919163,American Red Cross,7650 East Pike Street Norwich OH 43767
929330,American Red Cross,7650 East Pike Street Norwich OH 43767
187935,Hoxworth Blood Center,7844 Kingland Dr West Chester OH 45069
214349,Hoxworth Blood Center,7844 Kingland Dr West Chester OH 45069
235202,Hoxworth Blood Center,7844 Kingland Dr West Chester OH 45069
235593,Hoxworth Blood Center,7844 Kingland Dr West Chester OH 45069
236524,Hoxworth Blood Center,7844 Kingland Dr West Chester OH 45069
240904,Hoxworth Blood Center,7844 Kingland Dr West Chester OH 45069
345079,Hoxworth Blood Center,7844 Kingland Dr West Chester OH 45069
363065,Hoxworth Blood Center,7844 Kingland Dr West Chester OH 45069
404977,Hoxworth Blood Center,7844 Kingland Dr West Chester OH 45069
427430,Hoxworth Blood Center,7844 Kingland Dr West Chester OH 45069
454989,Hoxworth Blood Center,7844 Kingland Dr West Chester OH 45069
484106,Hoxworth Blood Center,7844 Kingland Dr West Chester OH 45069
485857,Hoxworth Blood Center,7844 Kingland Dr West Chester OH 45069
499321,Hoxworth Blood Center,7844 Kingland Dr West Chester OH 45069
551440,Hoxworth Blood Center,7844 Kingland Dr West Chester OH 45069
559158,Hoxworth Blood Center,7844 Kingland Dr West Chester OH 45069
603997,Hoxworth Blood Center,7844 Kingland Dr West Chester OH 45069
605680,Hoxworth Blood Center,7844 Kingland Dr West Chester OH 45069
742830,Hoxworth Blood Center,7844 Kingland Dr West Chester OH 45069
903700,Hoxworth Blood Center,7844 Kingland Dr West Chester OH 45069
936911,Hoxworth Blood Center,7844 Kingland Dr West Chester OH 45069
211357,American Red Cross,812 Coshocton Avenue Bldg 2 Unit #4 Mount Vernon OH 43050
264512,American Red Cross,812 Coshocton Avenue Bldg 2 Unit #4 Mount Vernon OH 43050
284329,American Red Cross,812 Coshocton Avenue Bldg 2 Unit #4 Mount Vernon OH 43050
294220,American Red Cross,812 Coshocton Avenue Bldg 2 Unit #4 Mount Vernon OH 43050
310294,American Red Cross,812 Coshocton Avenue Bldg 2 Unit #4 Mount Vernon OH 43050
363546,American Red Cross,812 Coshocton Avenue Bldg 2 Unit #4 Mount Vernon OH 43050
384478,American Red Cross,812 Coshocton Avenue Bldg 2 Unit #4 Mount Vernon OH 43050
412720,American Red Cross,812 Coshocton Avenue Bldg 2 Unit #4 Mount Vernon OH 43050
435805,American Red Cross,812 Coshocton Avenue Bldg 2 Unit #4 Mount Vernon OH 43050
482592,American Red Cross,812 Coshocton Avenue Bldg 2 Unit #4 Mount Vernon OH 43050
493072,American Red Cross,812 Coshocton Avenue Bldg 2 Unit #4 Mount Vernon OH 43050
493671,American Red Cross,812 Coshocton Avenue Bldg 2 Unit #4 Mount Vernon OH 43050
590176,American Red Cross,812 Coshocton Avenue Bldg 2 Unit #4 Mount Vernon OH 43050
592924,American Red Cross,812 Coshocton Avenue Bldg 2 Unit #4 Mount Vernon OH 43050
600911,American Red Cross,812 Coshocton Avenue Bldg 2 Unit #4 Mount Vernon OH 43050
622894,American Red Cross,812 Coshocton Avenue Bldg 2 Unit #4 Mount Vernon OH 43050
642843,American Red Cross,812 Coshocton Avenue Bldg 2 Unit #4 Mount Vernon OH 43050
648107,American Red Cross,812 Coshocton Avenue Bldg 2 Unit #4 Mount Vernon OH 43050
726430,American Red Cross,812 Coshocton Avenue Bldg 2 Unit #4 Mount Vernon OH 43050
739244,American Red Cross,812 Coshocton Avenue Bldg 2 Unit #4 Mount Vernon OH 43050
740488,American Red Cross,812 Coshocton Avenue Bldg 2 Unit #4 Mount Vernon OH 43050
792309,American Red Cross,812 Coshocton Avenue Bldg 2 Unit #4 Mount Vernon OH 43050
793868,American Red Cross,812 Coshocton Avenue Bldg 2 Unit #4 Mount Vernon OH 43050
834080,American Red Cross,812 Coshocton Avenue Bldg 2 Unit #4 Mount Vernon OH 43050
840989,American Red Cross,812 Coshocton Avenue Bldg 2 Unit #4 Mount Vernon OH 43050
879274,American Red Cross,812 Coshocton Avenue Bldg 2 Unit #4 Mount Vernon OH 43050
898834,American Red Cross,812 Coshocton Avenue Bldg 2 Unit #4 Mount Vernon OH 43050
944287,American Red Cross,812 Coshocton Avenue Bldg 2 Unit #4 Mount Vernon OH 43050
961860,American Red Cross,812 Coshocton Avenue Bldg 2 Unit #4 Mount Vernon OH 43050
105525,Hoxworth Blood Center,9708 Kenwood Rd Cincinnati OH 45424
129886,Hoxworth Blood Center,9708 Kenwood Rd Cincinnati OH 45424
135391,Hoxworth Blood Center,9708 Kenwood Rd Cincinnati OH 45424
144593,Hoxworth Blood Center,9708 Kenwood Rd Cincinnati OH 45424
175796,Hoxworth Blood Center,9708 Kenwood Rd Cincinnati OH 45424
229878,Hoxworth Blood Center,9708 Kenwood Rd Cincinnati OH 45424
251877,Hoxworth Blood Center,9708 Kenwood Rd Cincinnati OH 45424
343984,Hoxworth Blood Center,9708 Kenwood Rd Cincinnati OH 45424
359876,Hoxworth Blood Center,9708 Kenwood Rd Cincinnati OH 45424
410450,Hoxworth Blood Center,9708 Kenwood Rd Cincinnati OH 45424
516973,Hoxworth Blood Center,9708 Kenwood Rd Cincinnati OH 45424
528210,Hoxworth Blood Center,9708 Kenwood Rd Cincinnati OH 45424
688429,Hoxworth Blood Center,9708 Kenwood Rd Cincinnati OH 45424
708453,Hoxworth Blood Center,9708 Kenwood Rd Cincinnati OH 45424
856075,Hoxworth Blood Center,9708 Kenwood Rd Cincinnati OH 45424
871607,Hoxworth Blood Center,9708 Kenwood Rd Cincinnati OH 45424
909890,Hoxworth Blood Center,9708 Kenwood Rd Cincinnati OH 45424
933282,Hoxworth Blood Center,9708 Kenwood Rd Cincinnati OH 45424